Type,Name,Request Count,Failure Count,Median Response Time,Average Response Time,Min Response Time,Max Response Time,Average Content Size,Requests/s,Failures/s,50%,66%,75%,80%,90%,95%,98%,99%,99.9%,99.99%,100%
GET,/posts,18364,0,93,93.72497049563978,70.3912440003478,4824.220372000127,27520.0,238.11046262847935,0.0,93,95,96,96,99,110,120,160,360,4400,4800
,Aggregated,18364,0,93,93.72497049563978,70.3912440003478,4824.220372000127,27520.0,238.11046262847935,0.0,93,95,96,96,99,110,120,160,360,4400,4800
