Type,Name,Request Count,Failure Count,Median Response Time,Average Response Time,Min Response Time,Max Response Time,Average Content Size,Requests/s,Failures/s,50%,66%,75%,80%,90%,95%,98%,99%,99.9%,99.99%,100%
GET,/v2/pet/findByStatus?status=available,24544,0,88,103.52400985682553,83.40558800045983,4784.25808099928,22895.167821056064,414.8496462296965,0.0,88,90,92,94,110,150,280,450,1500,4600,4800
,Aggregated,24544,0,88,103.52400985682553,83.40558800045983,4784.25808099928,22895.167821056064,414.8496462296965,0.0,88,90,92,94,110,150,280,450,1500,4600,4800
