Type,Name,Request Count,Failure Count,Median Response Time,Average Response Time,Min Response Time,Max Response Time,Average Content Size,Requests/s,Failures/s,50%,66%,75%,80%,90%,95%,98%,99%,99.9%,99.99%,100%
GET,/api/users?page=2,9206,7213,81,93.11283549999543,70.97392500054411,4349.0394179998475,4697.634043015425,119.37960580391082,93.53520493847586,81,95,97,98,100,110,130,210,4300,4300,4300
,Aggregated,9206,7213,81,93.11283549999543,70.97392500054411,4349.0394179998475,4697.634043015425,119.37960580391082,93.53520493847586,81,95,97,98,100,110,130,210,4300,4300,4300
